{
  "model_name": "speechmatics-enhanced",
  "timestamp": "2026-01-08 14:50:47",
  "summary": {
    "total_files": 1,
    "total_duration": 23.472748041152954,
    "average_duration": 23.472748041152954,
    "fastest_file": 23.472748041152954,
    "slowest_file": 23.472748041152954
  },
  "file_details": [
    {
      "audio_file": "day5_consultation12_conversation.wav",
      "duration": 23.472748041152954,
      "text_length": 4268
    }
  ]
}